Dist(m),Left,Right,Elbow,TOF,AngleOffset
6.2,44.622656,24.9976,0.025,1.46558,-13.5021
6.21,44.60285646,25.08093,0.025,1.466309,-13.46877
6.22,44.58532002,25.16426,0.025,1.467038,-13.43544
6.23,44.57002711,25.24759,0.025,1.467767,-13.40211
6.24,44.55695821,25.33092,0.025,1.468496,-13.36878
6.25,44.54609375,25.41425,0.025,1.469225,-13.33545
6.26,44.53741419,25.49758,0.025,1.469954,-13.30212
6.27,44.53089999,25.58091,0.025,1.470683,-13.26879
6.28,44.52653158,25.66424,0.025,1.471412,-13.23546
6.29,44.52428944,25.74757,0.025,1.472141,-13.20213
6.3,44.524154,25.8309,0.025,1.47287,-13.1688
6.31,44.52610572,25.91423,0.025,1.473599,-13.13547
6.32,44.53012506,25.99756,0.025,1.474328,-13.10214
6.33,44.53619245,26.08089,0.025,1.475057,-13.06881
6.34,44.54428837,26.16422,0.025,1.475786,-13.03548
6.35,44.55439325,26.24755,0.025,1.476515,-13.00215
6.36,44.56648755,26.33088,0.025,1.477244,-12.96882
6.37,44.58055173,26.41421,0.025,1.477973,-12.93549
6.38,44.59656622,26.49754,0.025,1.478702,-12.90216
6.39,44.6145115,26.58087,0.025,1.479431,-12.86883
6.4,44.634368,26.6642,0.025,1.48016,-12.8355
6.41,44.65611618,26.74753,0.025,1.480889,-12.80217
6.42,44.6797365,26.83086,0.025,1.481618,-12.76884
6.43,44.70520939,26.91419,0.025,1.482347,-12.73551
6.44,44.73251533,26.99752,0.025,1.483076,-12.70218
6.45,44.76163475,27.08085,0.025,1.483805,-12.66885
6.46,44.79254811,27.16418,0.025,1.484534,-12.63552
6.47,44.82523587,27.24751,0.025,1.485263,-12.60219
6.48,44.85967846,27.33084,0.025,1.485992,-12.56886
6.49,44.89585636,27.41417,0.025,1.486721,-12.53553
6.5,44.93375,27.4975,0.025,1.48745,-12.5022
6.51,44.97333984,27.58083,0.025,1.488179,-12.46887
6.52,45.01460634,27.66416,0.025,1.488908,-12.43554
6.53,45.05752993,27.74749,0.025,1.489637,-12.40221
6.54,45.10209109,27.83082,0.025,1.490366,-12.36888
6.55,45.14827025,27.91415,0.025,1.491095,-12.33555
6.56,45.19604787,27.99748,0.025,1.491824,-12.30222
6.57,45.24540441,28.08081,0.025,1.492553,-12.26889
6.58,45.2963203,28.16414,0.025,1.493282,-12.23556
6.59,45.34877602,28.24747,0.025,1.494011,-12.20223
6.6,45.402752,28.3308,0.025,1.49474,-12.1689
6.61,45.4582287,28.41413,0.025,1.495469,-12.13557
6.62,45.51518658,28.49746,0.025,1.496198,-12.10224
6.63,45.57360607,28.58079,0.025,1.496927,-12.06891
6.64,45.63346765,28.66412,0.025,1.497656,-12.03558
6.65,45.69475175,28.74745,0.025,1.498385,-12.00225
6.66,45.75743883,28.83078,0.025,1.499114,-11.96892
6.67,45.82150935,28.91411,0.025,1.499843,-11.93559
6.68,45.88694374,28.99744,0.025,1.500572,-11.90226
6.69,45.95372248,29.08077,0.025,1.501301,-11.86893
6.7,46.021826,29.1641,0.025,1.50203,-11.8356
6.71,46.09123476,29.24743,0.025,1.502759,-11.80227
6.72,46.16192922,29.33076,0.025,1.503488,-11.76894
6.73,46.23388981,29.41409,0.025,1.504217,-11.73561
6.74,46.30709701,29.49742,0.025,1.504946,-11.70228
6.75,46.38153125,29.58075,0.025,1.505675,-11.66895
6.76,46.45717299,29.66408,0.025,1.506404,-11.63562
6.77,46.53400269,29.74741,0.025,1.507133,-11.60229
6.78,46.61200078,29.83074,0.025,1.507862,-11.56896
6.79,46.69114774,29.91407,0.025,1.508591,-11.53563
6.8,46.771424,29.9974,0.025,1.50932,-11.5023
6.81,46.85281002,30,0.025,1.510049,-11.46897
6.82,46.93528626,30,0.025,1.510778,-11.43564
6.83,47.01883315,30,0.025,1.511507,-11.40231
6.84,47.10343117,30,0.025,1.512236,-11.36898
6.85,47.18906075,30,0.025,1.512965,-11.33565
6.86,47.27570235,30,0.025,1.513694,-11.30232
6.87,47.36333643,30,0.025,1.514423,-11.26899
6.88,47.45194342,30,0.025,1.515152,-11.23566
6.89,47.5415038,30,0.025,1.515881,-11.20233
6.9,47.631998,30,0.025,1.51661,-11.169
6.91,47.72340648,30,0.025,1.517339,-11.13567
6.92,47.8157097,30,0.025,1.518068,-11.10234
6.93,47.90888809,30,0.025,1.518797,-11.06901
6.94,48.00292213,30,0.025,1.519526,-11.03568
6.95,48.09779225,30,0.025,1.520255,-11.00235
6.96,48.19347891,30,0.025,1.520984,-10.96902
6.97,48.28996257,30,0.025,1.521713,-10.93569
6.98,48.38722366,30,0.025,1.522442,-10.90236
6.99,48.48524266,30,0.025,1.523171,-10.86903
7,48.584,30,0.025,1.5239,-10.8357
7.01,48.68347614,30,0.025,1.524629,-10.80237
7.02,48.78365154,30,0.025,1.525358,-10.76904
7.03,48.88450663,30,0.025,1.526087,-10.73571
7.04,48.98602189,30,0.025,1.526816,-10.70238
7.05,49.08817775,30,0.025,1.527545,-10.66905
7.06,49.19095467,30,0.025,1.528274,-10.63572
7.07,49.29433311,30,0.025,1.529003,-10.60239
7.08,49.3982935,30,0.025,1.529732,-10.56906
7.09,49.50281632,30,0.025,1.530461,-10.53573
7.1,49.607882,30,0.025,1.53119,-10.5024
7.11,49.713471,30,0.025,1.531919,-10.46907
7.12,49.81956378,30,0.025,1.532648,-10.43574
7.13,49.92614077,30,0.025,1.533377,-10.40241
7.14,50.03318245,30,0.025,1.534106,-10.36908
7.15,50.14066925,30,0.025,1.534835,-10.33575
7.16,50.24858163,30,0.025,1.535564,-10.30242
7.17,50.35690005,30,0.025,1.536293,-10.26909
7.18,50.46560494,30,0.025,1.537022,-10.23576
7.19,50.57467678,30,0.025,1.537751,-10.20243
7.2,50.684096,30,0.025,1.53848,-10.1691
7.21,50.79384306,30,0.025,1.539209,-10.13577
7.22,50.90389842,30,0.025,1.539938,-10.10244
7.23,51.01424251,30,0.025,1.540667,-10.06911
7.24,51.12485581,30,0.025,1.541396,-10.03578
7.25,51.23571875,30,0.025,1.542125,-10.00245
7.26,51.34681179,30,0.025,1.542854,-9.96912
7.27,51.45811539,30,0.025,1.543583,-9.93579
7.28,51.56960998,30,0.025,1.544312,-9.90246
7.29,51.68127604,30,0.025,1.545041,-9.86913
7.3,51.793094,30,0.025,1.54577,-9.8358
7.31,51.90504432,30,0.025,1.546499,-9.80247
7.32,52.01710746,30,0.025,1.547228,-9.76914
7.33,52.12926385,30,0.025,1.547957,-9.73581
7.34,52.24149397,30,0.025,1.548686,-9.70248
7.35,52.35377825,30,0.025,1.549415,-9.66915
7.36,52.46609715,30,0.025,1.550144,-9.63582
7.37,52.57843113,30,0.025,1.550873,-9.60249
7.38,52.69076062,30,0.025,1.551602,-9.56916
7.39,52.8030661,30,0.025,1.552331,-9.53583
7.4,52.915328,30,0.025,1.55306,-9.5025
7.41,53.02752678,30,0.025,1.553789,-9.5
7.42,53.1396429,30,0.025,1.554518,-9.5
7.43,53.25165679,30,0.025,1.555247,-9.5
7.44,53.36354893,30,0.025,1.555976,-9.5
7.45,53.47529975,30,0.025,1.556705,-9.5
7.46,53.58688971,30,0.025,1.557434,-9.5
7.47,53.69829927,30,0.025,1.558163,-9.5
7.48,53.80950886,30,0.025,1.558892,-9.5
7.49,53.92049896,30,0.025,1.559621,-9.5
7.5,54.03125,30,0.025,1.56035,-9.5
7.51,54.14174244,30,0.025,1.561079,-9.5
7.52,54.25195674,30,0.025,1.561808,-9.5
7.53,54.36187333,30,0.025,1.562537,-9.5
7.54,54.47147269,30,0.025,1.563266,-9.5
7.55,54.58073525,30,0.025,1.563995,-9.5
7.56,54.68964147,30,0.025,1.564724,-9.5
7.57,54.79817181,30,0.025,1.565453,-9.5
7.58,54.9063067,30,0.025,1.566182,-9.5
7.59,55.01402662,30,0.025,1.566911,-9.5
7.6,55.121312,30,0.025,1.56764,-9.5
7.61,55.2281433,30,0.025,1.568369,-9.5
7.62,55.33450098,30,0.025,1.569098,-9.5
7.63,55.44036547,30,0.025,1.569827,-9.5
7.64,55.54571725,30,0.025,1.570556,-9.5
7.65,55.65053675,30,0.025,1.571285,-9.5
7.66,55.75480443,30,0.025,1.572014,-9.5
7.67,55.85850075,30,0.025,1.572743,-9.5
7.68,55.96160614,30,0.025,1.573472,-9.5
7.69,56.06410108,30,0.025,1.574201,-9.5
7.7,56.165966,30,0.025,1.57493,-9.5
7.71,56.26718136,30,0.025,1.575659,-9.5
7.72,56.36772762,30,0.025,1.576388,-9.5
7.73,56.46758521,30,0.025,1.577117,-9.5
7.74,56.56673461,30,0.025,1.577846,-9.5
7.75,56.66515625,30,0.025,1.578575,-9.5
7.76,56.76283059,30,0.025,1.579304,-9.5
7.77,56.85973809,30,0.025,1.580033,-9.5
7.78,56.95585918,30,0.025,1.580762,-9.5
7.79,57.05117434,30,0.025,1.581491,-9.5
7.8,57.145664,30,0.025,1.58222,-9.5
7.81,57.23930862,30,0.025,1.582949,-9.5
7.82,57.33208866,30,0.025,1.583678,-9.5
7.83,57.42398455,30,0.025,1.584407,-9.5
7.84,57.51497677,30,0.025,1.585136,-9.5
7.85,57.60504575,30,0.025,1.585865,-9.5
7.86,57.69417195,30,0.025,1.586594,-9.5
7.87,57.78233583,30,0.025,1.587323,-9.5
7.88,57.86951782,30,0.025,1.588052,-9.5
7.89,57.9556984,30,0.025,1.588781,-9.5
7.9,58.040858,30,0.025,1.58951,-9.5
7.91,58.12497708,30,0.025,1.590239,-9.5
7.92,58.2080361,30,0.025,1.590968,-9.5
7.93,58.29001549,30,0.025,1.591697,-9.5
7.94,58.37089573,30,0.025,1.592426,-9.5
7.95,58.45065725,30,0.025,1.593155,-9.5
7.96,58.52928051,30,0.025,1.593884,-9.5
7.97,58.60674597,30,0.025,1.594613,-9.5
7.98,58.68303406,30,0.025,1.595342,-9.5
7.99,58.75812526,30,0.025,1.596071,-9.5
8,58.832,30,0.025,1.5968,-9.5
8.01,58.90463874,30,0.025,1.597529,-9.5
8.02,58.97602194,30,0.025,1.598258,-9.5
8.03,59.04613003,30,0.025,1.598987,-9.5
8.04,59.11494349,30,0.025,1.599716,-9.5
8.05,59.18244275,30,0.025,1.600445,-9.5
8.06,59.24860827,30,0.025,1.601174,-9.5
8.07,59.31342051,30,0.025,1.601903,-9.5
8.08,59.3768599,30,0.025,1.602632,-9.5
8.09,59.43890692,30,0.025,1.603361,-9.5
8.1,59.499542,30,0.025,1.60409,-9.5
8.11,59.5587456,30,0.025,1.604819,-9.5
8.12,59.61649818,30,0.025,1.605548,-9.5
8.13,59.67278017,30,0.025,1.606277,-9.5
8.14,59.72757205,30,0.025,1.607006,-9.5
8.15,59.78085425,30,0.025,1.607735,-9.5
8.16,59.83260723,30,0.025,1.608464,-9.5
8.17,59.88281145,30,0.025,1.609193,-9.5
8.18,59.93144734,30,0.025,1.609922,-9.5
8.19,59.97849538,30,0.025,1.610651,-9.5
8.2,60.023936,30,0.025,1.61138,-9.5
8.21,60.06774966,30,0.025,1.612109,-9.5
8.22,60.10991682,30,0.025,1.612838,-9.5
8.23,60.15041791,30,0.025,1.613567,-9.5
8.24,60.18923341,30,0.025,1.614296,-9.5
8.25,60.22634375,30,0.025,1.615025,-9.5
8.26,60.26172939,30,0.025,1.615754,-9.5
8.27,60.29537079,30,0.025,1.616483,-9.5
8.28,60.32724838,30,0.025,1.617212,-9.5
8.29,60.35734264,30,0.025,1.617941,-9.5
8.3,60.385634,30,0.025,1.61867,-9.5
8.31,60.41210292,30,0.025,1.619399,-9.5
8.32,60.43672986,30,0.025,1.620128,-9.5
8.33,60.45949525,30,0.025,1.620857,-9.5
8.34,60.48037957,30,0.025,1.621586,-9.5
8.35,60.49936325,30,0.025,1.622315,-9.5
8.36,60.51642675,30,0.025,1.623044,-9.5
8.37,60.53155053,30,0.025,1.623773,-9.5
8.38,60.54471502,30,0.025,1.624502,-9.5
8.39,60.5559007,30,0.025,1.625231,-9.5
8.4,60.565088,30,0.025,1.62596,-9.5
8.41,60.57225738,30,0.025,1.626689,-9.5
8.42,60.5773893,30,0.025,1.627418,-9.5
8.43,60.58046419,30,0.025,1.628147,-9.5
8.44,60.58146253,30,0.025,1.628876,-9.5
8.45,60.58036475,30,0.025,1.629605,-9.5
8.46,60.57715131,30,0.025,1.630334,-9.5
8.47,60.57180267,30,0.025,1.631063,-9.5
8.48,60.56429926,30,0.025,1.631792,-9.5
8.49,60.55462156,30,0.025,1.632521,-9.5
8.5,60.54275,30,0.025,1.63325,-9.5
8.51,60.52866504,30.16917,0.0251917,1.633979,-9.4
8.52,60.51234714,30.33584,0.0253584,1.634708,-9.3
8.53,60.49377673,30.50251,0.0255251,1.635437,-9.2
8.54,60.47293429,30.66918,0.0256918,1.636166,-9.1
8.55,60.44980025,30.83585,0.0258585,1.636895,-9
8.56,60.42435507,31.00252,0.0260252,1.637624,-8.9
8.57,60.39657921,31.16919,0.0261919,1.638353,-8.8
8.58,60.3664531,31.33586,0.0263586,1.639082,-8.7
8.59,60.33395722,31.50253,0.0265253,1.639811,-8.6
8.6,60.299072,31.6692,0.026692,1.64054,-8.5
8.61,60.2617779,31.83587,0.0268587,1.641269,-8.4
8.62,60.22205538,32.00254,0.0270254,1.641998,-8.3
8.63,60.17988487,32.16921,0.0271921,1.642727,-8.2
8.64,60.13524685,32.33588,0.0273588,1.643456,-8.1
8.65,60.08812175,32.50255,0.0275255,1.644185,-8
8.66,60.03849003,32.66922,0.0276922,1.644914,-7.9
8.67,59.98633215,32.83589,0.0278589,1.645643,-7.8
8.68,59.93162854,33.00256,0.0280256,1.646372,-7.7
8.69,59.87435968,33.16923,0.0281923,1.647101,-7.6
8.7,59.814506,33.3359,0.028359,1.64783,-7.5
8.71,59.75204796,33.50257,0.0285257,1.648559,-7.4
8.72,59.68696602,33.66924,0.0286924,1.649288,-7.3
8.73,59.61924061,33.83591,0.0288591,1.650017,-7.2
8.74,59.54885221,34.00258,0.0290258,1.650746,-7.1
8.75,59.47578125,34.16925,0.0291925,1.651475,-7
8.76,59.40000819,34.33592,0.0293592,1.652204,-6.9
8.77,59.32151349,34.50259,0.0295259,1.652933,-6.8
8.78,59.24027758,34.66926,0.0296926,1.653662,-6.7
8.79,59.15628094,34.83593,0.0298593,1.654391,-6.6
8.8,59.069504,35.0026,0.030026,1.65512,-6.5
8.81,58.97992722,35.16927,0.0301927,1.655849,-6.4
8.82,58.88753106,35.33594,0.0303594,1.656578,-6.3
8.83,58.79229595,35.50261,0.0305261,1.657307,-6.2
8.84,58.69420237,35.66928,0.0306928,1.658036,-6.1
8.85,58.59323075,35.83595,0.0308595,1.658765,-6
8.86,58.48936155,36.00262,0.0310262,1.659494,-5.9
8.87,58.38257523,36.16929,0.0311929,1.660223,-5.8
8.88,58.27285222,36.33596,0.0313596,1.660952,-5.7
8.89,58.160173,36.50263,0.0315263,1.661681,-5.6
8.9,58.044518,36.6693,0.031693,1.66241,-5.5
8.91,57.92586768,36.83597,0.0318597,1.663139,-5.4
8.92,57.8042025,37.00264,0.0320264,1.663868,-5.3
8.93,57.67950289,37.16931,0.0321931,1.664597,-5.2
8.94,57.55174933,37.33598,0.0323598,1.665326,-5.1
8.95,57.42092225,37.50265,0.0325265,1.666055,-5
8.96,57.28700211,37.66932,0.0326932,1.666784,-4.9
8.97,57.14996937,37.83599,0.0328599,1.667513,-4.8
8.98,57.00980446,38.00266,0.0330266,1.668242,-4.7
8.99,56.86648786,38.16933,0.0331933,1.668971,-4.6
9,56.72,38.336,0.03336,1.6697,-4.5
9.01,56.57032134,38.50267,0.0335267,1.670429,-4.4
9.02,56.41743234,38.66934,0.0336934,1.671158,-4.3
9.03,56.26131343,38.83601,0.0338601,1.671887,-4.2
9.04,56.10194509,39.00268,0.0340268,1.672616,-4.1
9.05,55.93930775,39.16935,0.0341935,1.673345,-4
9.06,55.77338187,39.33602,0.0343602,1.674074,-3.9
9.07,55.60414791,39.50269,0.0345269,1.674803,-3.8
9.08,55.4315863,39.66936,0.0346936,1.675532,-3.7
9.09,55.25567752,39.83603,0.0348603,1.676261,-3.6
9.1,55.076402,40.0027,0.035027,1.67699,-3.5
9.11,55.08063,40,0.035,1.677719,-3.5
9.12,55.16396,40,0.035,1.678448,-3.5
9.13,55.24729,40,0.035,1.679177,-3.5
9.14,55.33062,40,0.035,1.679906,-3.5
9.15,55.41395,40,0.035,1.680635,-3.5
9.16,55.49728,40,0.035,1.681364,-3.5
9.17,55.58061,40,0.035,1.682093,-3.5
9.18,55.66394,40,0.035,1.682822,-3.5
9.19,55.74727,40,0.035,1.683551,-3.5
9.2,55.8306,40,0.035,1.68428,-3.5
9.21,55.91393,40,0.035,1.685009,-3.5
9.22,55.99726,40,0.035,1.685738,-3.5
9.23,56.08059,40,0.035,1.686467,-3.5
9.24,56.16392,40,0.035,1.687196,-3.5
9.25,56.24725,40,0.035,1.687925,-3.5
9.26,56.33058,40,0.035,1.688654,-3.5
9.27,56.41391,40,0.035,1.689383,-3.5
9.28,56.49724,40,0.035,1.690112,-3.5
9.29,56.58057,40,0.035,1.690841,-3.5
9.3,56.6639,40,0.035,1.69157,-3.5
9.31,56.74723,40,0.035,1.692299,-3.5
9.32,56.83056,40,0.035,1.693028,-3.5
9.33,56.91389,40,0.035,1.693757,-3.5
9.34,56.99722,40,0.035,1.694486,-3.5
9.35,57.08055,40,0.035,1.695215,-3.5
9.36,57.16388,40,0.035,1.695944,-3.5
9.37,57.24721,40,0.035,1.696673,-3.5
9.38,57.33054,40,0.035,1.697402,-3.5
9.39,57.41387,40,0.035,1.698131,-3.5
9.4,57.4972,40,0.035,1.69886,-3.5
9.41,57.58053,40,0.035,1.699589,-3.5
9.42,57.66386,40,0.035,1.700318,-3.5
9.43,57.74719,40,0.035,1.701047,-3.5
9.44,57.83052,40,0.035,1.701776,-3.5
9.45,57.91385,40,0.035,1.702505,-3.5
9.46,57.99718,40,0.035,1.703234,-3.5
9.47,58.08051,40,0.035,1.703963,-3.5
9.48,58.16384,40,0.035,1.704692,-3.5
9.49,58.24717,40,0.035,1.705421,-3.5
9.5,58.3305,40,0.035,1.70615,-3.5
9.51,58.41383,40,0.035,1.706879,-3.5
9.52,58.49716,40,0.035,1.707608,-3.5
9.53,58.58049,40,0.035,1.708337,-3.5
9.54,58.66382,40,0.035,1.709066,-3.5
9.55,58.74715,40,0.035,1.709795,-3.5
9.56,58.83048,40,0.035,1.710524,-3.5
9.57,58.91381,40,0.035,1.711253,-3.5
9.58,58.99714,40,0.035,1.711982,-3.5
9.59,59.08047,40,0.035,1.712711,-3.5
9.6,59.1638,40,0.035,1.71344,-3.5
9.61,59.24713,40,0.035,1.714169,-3.5
9.62,59.33046,40,0.035,1.714898,-3.5
9.63,59.41379,40,0.035,1.715627,-3.5
9.64,59.49712,40,0.035,1.716356,-3.5
9.65,59.58045,40,0.035,1.717085,-3.5
9.66,59.66378,40,0.035,1.717814,-3.5
9.67,59.74711,40,0.035,1.718543,-3.5
9.68,59.83044,40,0.035,1.719272,-3.5
9.69,59.91377,40,0.035,1.720001,-3.5
9.7,59.9971,40,0.035,1.72073,-3.5
9.71,60.08043,40,0.035,1.721459,-3.5
9.72,60.16376,40,0.035,1.722188,-3.5
9.73,60.24709,40,0.035,1.722917,-3.5
9.74,60.33042,40,0.035,1.723646,-3.5
9.75,60.41375,40,0.035,1.724375,-3.5
9.76,60.49708,40,0.035,1.725104,-3.5
9.77,60.58041,40,0.035,1.725833,-3.5
9.78,60.66374,40,0.035,1.726562,-3.5
9.79,60.74707,40,0.035,1.727291,-3.5
9.8,60.8304,40,0.035,1.72802,-3.5
9.81,60.91373,40,0.035,1.728749,-3.5
9.82,60.99706,40,0.035,1.729478,-3.5
9.83,61.08039,40,0.035,1.730207,-3.5
9.84,61.16372,40,0.035,1.730936,-3.5
9.85,61.24705,40,0.035,1.731665,-3.5
9.86,61.33038,40,0.035,1.732394,-3.5
9.87,61.41371,40,0.035,1.733123,-3.5
9.88,61.49704,40,0.035,1.733852,-3.5
9.89,61.58037,40,0.035,1.734581,-3.5
9.9,61.6637,40,0.035,1.73531,-3.5
9.91,61.74703,40,0.035,1.736039,-3.5
9.92,61.83036,40,0.035,1.736768,-3.5
9.93,61.91369,40,0.035,1.737497,-3.5
9.94,61.99702,40,0.035,1.738226,-3.5
9.95,62.08035,40,0.035,1.738955,-3.5
9.96,62.16368,40,0.035,1.739684,-3.5
9.97,62.24701,40,0.035,1.740413,-3.5
9.98,62.33034,40,0.035,1.741142,-3.5
9.99,62.41367,40,0.035,1.741871,-3.5
10,62.497,40,0.035,1.7426,-3.5
10.01,62.58033,40,0.035,1.743329,-3.5
10.02,62.66366,40,0.035,1.744058,-3.5
10.03,62.74699,40,0.035,1.744787,-3.5
10.04,62.83032,40,0.035,1.745516,-3.5
10.05,62.91365,40,0.035,1.746245,-3.5
10.06,62.99698,40,0.035,1.746974,-3.5
10.07,63.08031,40,0.035,1.747703,-3.5
10.08,63.16364,40,0.035,1.748432,-3.5
10.09,63.24697,40,0.035,1.749161,-3.5
10.1,63.3303,40,0.035,1.74989,-3.5
10.11,63.41363,40,0.035,1.750619,-3.5
10.12,63.49696,40,0.035,1.751348,-3.5
10.13,63.58029,40,0.035,1.752077,-3.5
10.14,63.66362,40,0.035,1.752806,-3.5
10.15,63.74695,40,0.035,1.753535,-3.5
10.16,63.83028,40,0.035,1.754264,-3.5
10.17,63.91361,40,0.035,1.754993,-3.5
10.18,63.99694,40,0.035,1.755722,-3.5
10.19,64.08027,40,0.035,1.756451,-3.5
10.2,64.1636,40,0.035,1.75718,-3.5
10.21,64.24693,40,0.035,1.757909,-3.5
10.22,64.33026,40,0.035,1.758638,-3.5
10.23,64.41359,40,0.035,1.759367,-3.5
10.24,64.49692,40,0.035,1.760096,-3.5
10.25,64.58025,40,0.035,1.760825,-3.5
10.26,64.66358,40,0.035,1.761554,-3.5
10.27,64.74691,40,0.035,1.762283,-3.5
10.28,64.83024,40,0.035,1.763012,-3.5
10.29,64.91357,40,0.035,1.763741,-3.5
10.3,64.9969,40,0.035,1.76447,-3.5
10.31,65.08023,40,0.035,1.765199,-3.5
10.32,65.16356,40,0.035,1.765928,-3.5
10.33,65.24689,40,0.035,1.766657,-3.5
10.34,65.33022,40,0.035,1.767386,-3.5
10.35,65.41355,40,0.035,1.768115,-3.5
10.36,65.49688,40,0.035,1.768844,-3.5
10.37,65.58021,40,0.035,1.769573,-3.5
10.38,65.66354,40,0.035,1.770302,-3.5
10.39,65.74687,40,0.035,1.771031,-3.5
10.4,65.8302,40,0.035,1.77176,-3.5
10.41,65.91353,40,0.035,1.772489,-3.5
10.42,65.99686,40,0.035,1.773218,-3.5
10.43,66.08019,40,0.035,1.773947,-3.5
10.44,66.16352,40,0.035,1.774676,-3.5
10.45,66.24685,40,0.035,1.775405,-3.5
10.46,66.33018,40,0.035,1.776134,-3.5
10.47,66.41351,40,0.035,1.776863,-3.5
10.48,66.49684,40,0.035,1.777592,-3.5
10.49,66.58017,40,0.035,1.778321,-3.5
10.5,66.6635,40,0.035,1.77905,-3.5
10.51,66.74683,40,0.035,1.779779,-3.5
10.52,66.83016,40,0.035,1.780508,-3.5
10.53,66.91349,40,0.035,1.781237,-3.5
10.54,66.99682,40,0.035,1.781966,-3.5
10.55,67.08015,40,0.035,1.782695,-3.5
10.56,67.16348,40,0.035,1.783424,-3.5
10.57,67.24681,40,0.035,1.784153,-3.5
10.58,67.33014,40,0.035,1.784882,-3.5
10.59,67.41347,40,0.035,1.785611,-3.5
10.6,67.4968,40,0.035,1.78634,-3.5
10.61,67.58013,40,0.035,1.787069,-3.5
10.62,67.66346,40,0.035,1.787798,-3.5
10.63,67.74679,40,0.035,1.788527,-3.5
10.64,67.83012,40,0.035,1.789256,-3.5
10.65,67.91345,40,0.035,1.789985,-3.5
10.66,67.99678,40,0.035,1.790714,-3.5
10.67,68.08011,40,0.035,1.791443,-3.5
10.68,68.16344,40,0.035,1.792172,-3.5
10.69,68.24677,40,0.035,1.792901,-3.5
10.7,68.3301,40,0.035,1.79363,-3.5
10.71,68.41343,40,0.035,1.794359,-3.5
10.72,68.49676,40,0.035,1.795088,-3.5
10.73,68.58009,40,0.035,1.795817,-3.5
10.74,68.66342,40,0.035,1.796546,-3.5
10.75,68.74675,40,0.035,1.797275,-3.5
10.76,68.83008,40,0.035,1.798004,-3.5
10.77,68.91341,40,0.035,1.798733,-3.5
10.78,68.99674,40,0.035,1.799462,-3.5
10.79,69.08007,40,0.035,1.800191,-3.5
10.8,69.1634,40,0.035,1.80092,-3.5
10.81,69.24673,40,0.035,1.801649,-3.5
10.82,69.33006,40,0.035,1.802378,-3.5
10.83,69.41339,40,0.035,1.803107,-3.5
10.84,69.49672,40,0.035,1.803836,-3.5
10.85,69.58005,40,0.035,1.804565,-3.5
10.86,69.66338,40,0.035,1.805294,-3.5
10.87,69.74671,40,0.035,1.806023,-3.5
10.88,69.83004,40,0.035,1.806752,-3.5
10.89,69.91337,40,0.035,1.807481,-3.5
10.9,69.9967,40,0.035,1.80821,-3.5
10.91,70.08003,40,0.035,1.808939,-3.5
10.92,70.16336,40,0.035,1.809668,-3.5
10.93,70.24669,40,0.035,1.810397,-3.5
10.94,70.33002,40,0.035,1.811126,-3.5
10.95,70.41335,40,0.035,1.811855,-3.5
10.96,70.49668,40,0.035,1.812584,-3.5
10.97,70.58001,40,0.035,1.813313,-3.5
10.98,70.66334,40,0.035,1.814042,-3.5
10.99,70.74667,40,0.035,1.814771,-3.5
11,70.83,40,0.035,1.8155,-3.5
11.01,70.91333,40,0.035,1.816229,-3.5
11.02,70.99666,40,0.035,1.816958,-3.5
11.03,71.07999,40,0.035,1.817687,-3.5
11.04,71.16332,40,0.035,1.818416,-3.5
11.05,71.24665,40,0.035,1.819145,-3.5
11.06,71.32998,40,0.035,1.819874,-3.5
11.07,71.41331,40,0.035,1.820603,-3.5
11.08,71.49664,40,0.035,1.821332,-3.5
11.09,71.57997,40,0.035,1.822061,-3.5
11.1,71.6633,40,0.035,1.82279,-3.5
11.11,71.74663,40,0.035,1.823519,-3.5
11.12,71.82996,40,0.035,1.824248,-3.5
11.13,71.91329,40,0.035,1.824977,-3.5
11.14,71.99662,40,0.035,1.825706,-3.5
11.15,72.07995,40,0.035,1.826435,-3.5
11.16,72.16328,40,0.035,1.827164,-3.5
11.17,72.24661,40,0.035,1.827893,-3.5
11.18,72.32994,40,0.035,1.828622,-3.5
11.19,72.41327,40,0.035,1.829351,-3.5
11.2,72.4966,40,0.035,1.83008,-3.5
11.21,72.57993,40,0.035,1.830809,-3.5
11.22,72.66326,40,0.035,1.831538,-3.5
11.23,72.74659,40,0.035,1.832267,-3.5
11.24,72.82992,40,0.035,1.832996,-3.5
11.25,72.91325,40,0.035,1.833725,-3.5
11.26,72.99658,40,0.035,1.834454,-3.5
11.27,73.07991,40,0.035,1.835183,-3.5
11.28,73.16324,40,0.035,1.835912,-3.5
11.29,73.24657,40,0.035,1.836641,-3.5
11.3,73.3299,40,0.035,1.83737,-3.5
11.31,73.41323,40,0.035,1.838099,-3.5
11.32,73.49656,40,0.035,1.838828,-3.5
11.33,73.57989,40,0.035,1.839557,-3.5
11.34,73.66322,40,0.035,1.840286,-3.5
11.35,73.74655,40,0.035,1.841015,-3.5
11.36,73.82988,40,0.035,1.841744,-3.5
11.37,73.91321,40,0.035,1.842473,-3.5
11.38,73.99654,40,0.035,1.843202,-3.5
11.39,74.07987,40,0.035,1.843931,-3.5
11.4,74.1632,40,0.035,1.84466,-3.5
11.41,74.24653,40,0.035,1.845389,-3.5
11.42,74.32986,40,0.035,1.846118,-3.5
11.43,74.41319,40,0.035,1.846847,-3.5
11.44,74.49652,40,0.035,1.847576,-3.5
11.45,74.57985,40,0.035,1.848305,-3.5
11.46,74.66318,40,0.035,1.849034,-3.5
11.47,74.74651,40,0.035,1.849763,-3.5
11.48,74.82984,40,0.035,1.850492,-3.5
11.49,74.91317,40,0.035,1.851221,-3.5
11.5,74.9965,40,0.035,1.85195,-3.5
